filename,format,width,height,page_url,repo_page_path,repo_public_path,section_on_page,alt_text,caption,prompt_used
cm-hub-hero-toronto-living-room.jpg,jpg,3840,2160,https://ecowoods.ca/hardwood-color-matching-toronto,apps/web/app/hardwood-color-matching-toronto/,apps/web/public/images/color-matching/cm-hub-hero-toronto-living-room.jpg,hero under H1,"Toronto midtown living room with continuous satin white oak floor running onto a stair, late afternoon window light and warm LEDs","Floor, landing and first treads reading as one colour — process, not a promise.","Photoreal Toronto midtown living room, continuous satin white-oak floor into a stair, late afternoon window light plus warm 2700-3000K LEDs."
cm-hub-hero-toronto-living-room.webp,webp,3840,2160,https://ecowoods.ca/hardwood-color-matching-toronto,apps/web/app/hardwood-color-matching-toronto/,apps/web/public/images/color-matching/cm-hub-hero-toronto-living-room.webp,hero under H1,"Toronto midtown living room with continuous satin white oak floor running onto a stair, late afternoon window light and warm LEDs","Floor, landing and first treads reading as one colour — process, not a promise.","Photoreal Toronto midtown living room, continuous satin white-oak floor into a stair, late afternoon window light plus warm 2700-3000K LEDs."
cm-hub-process-01-identify.jpg,jpg,2400,1800,https://ecowoods.ca/hardwood-color-matching-toronto,apps/web/app/hardwood-color-matching-toronto/,apps/web/public/images/color-matching/cm-hub-process-01-identify.jpg,process step 1 Identify what is already there,"Craftsman kneeling at a doorway threshold inspecting grain and a worn finish edge on existing 3-1/4 inch red oak strip, moisture meter on the floor","Identify species, stain and finish type before anything is proposed.",Documentary craftsman kneeling at threshold inspecting worn red-oak strip with moisture meter.
cm-hub-process-01-identify.webp,webp,2400,1800,https://ecowoods.ca/hardwood-color-matching-toronto,apps/web/app/hardwood-color-matching-toronto/,apps/web/public/images/color-matching/cm-hub-process-01-identify.webp,process step 1 Identify what is already there,"Craftsman kneeling at a doorway threshold inspecting grain and a worn finish edge on existing 3-1/4 inch red oak strip, moisture meter on the floor","Identify species, stain and finish type before anything is proposed.",Documentary craftsman kneeling at threshold inspecting worn red-oak strip with moisture meter.
cm-hub-process-02-sample-board.jpg,jpg,2400,1800,https://ecowoods.ca/hardwood-color-matching-toronto,apps/web/app/hardwood-color-matching-toronto/,apps/web/public/images/color-matching/cm-hub-process-02-sample-board.jpg,process step 2 Build the sample against the real material,"Cut-off of an actual floor board on a drop cloth with several small stain trial patches, rag, gloves and an unlabeled open stain can",A cut-off of the actual board — never a generic chip.,"Cut-off of actual floor board with stain trial patches, rag, gloves, unlabeled stain can."
cm-hub-process-02-sample-board.webp,webp,2400,1800,https://ecowoods.ca/hardwood-color-matching-toronto,apps/web/app/hardwood-color-matching-toronto/,apps/web/public/images/color-matching/cm-hub-process-02-sample-board.webp,process step 2 Build the sample against the real material,"Cut-off of an actual floor board on a drop cloth with several small stain trial patches, rag, gloves and an unlabeled open stain can",A cut-off of the actual board — never a generic chip.,"Cut-off of actual floor board with stain trial patches, rag, gloves, unlabeled stain can."
cm-hub-process-03-room-light.jpg,jpg,2400,1800,https://ecowoods.ca/hardwood-color-matching-toronto,apps/web/app/hardwood-color-matching-toronto/,apps/web/public/images/color-matching/cm-hub-process-03-room-light.jpg,"process step 3 Sign off in your room, under your light","Sample board laid on an existing condo floor, half in south-window daylight and half under warm LED pot lights",Toronto condo lighting mixes daylight and LED colour temperatures.,Sample board on condo floor half in daylight half under 3000K pots.
cm-hub-process-03-room-light.webp,webp,2400,1800,https://ecowoods.ca/hardwood-color-matching-toronto,apps/web/app/hardwood-color-matching-toronto/,apps/web/public/images/color-matching/cm-hub-process-03-room-light.webp,"process step 3 Sign off in your room, under your light","Sample board laid on an existing condo floor, half in south-window daylight and half under warm LED pot lights",Toronto condo lighting mixes daylight and LED colour temperatures.,Sample board on condo floor half in daylight half under 3000K pots.
cm-hub-process-04-honest-fail.jpg,jpg,2400,1800,https://ecowoods.ca/hardwood-color-matching-toronto,apps/web/app/hardwood-color-matching-toronto/,apps/web/public/images/color-matching/cm-hub-process-04-honest-fail.jpg,process step 4 Say plainly when it will not work,Mid-field patch on an aged Toronto hallway floor that still reads as a different colour after staining,Sometimes a spot match cannot be made to disappear.,Honest mid-field patch that still reads as a different colour after staining.
cm-hub-process-04-honest-fail.webp,webp,2400,1800,https://ecowoods.ca/hardwood-color-matching-toronto,apps/web/app/hardwood-color-matching-toronto/,apps/web/public/images/color-matching/cm-hub-process-04-honest-fail.webp,process step 4 Say plainly when it will not work,Mid-field patch on an aged Toronto hallway floor that still reads as a different colour after staining,Sometimes a spot match cannot be made to disappear.,Honest mid-field patch that still reads as a different colour after staining.
cm-hub-guide-grid-identification.jpg,jpg,2400,1800,https://ecowoods.ca/guides/color-identification-existing-hardwood-finish,apps/web/app/guides/color-identification-existing-hardwood-finish/,apps/web/public/images/color-matching/cm-hub-guide-grid-identification.jpg,hub card for colour identification guide,Macro of a worn stair nosing where a thin polyurethane film is lifting from the wood,Film finish versus wood — identification starts at a worn edge.,Macro worn stair nosing with lifting thin polyurethane film.
cm-hub-guide-grid-identification.webp,webp,2400,1800,https://ecowoods.ca/guides/color-identification-existing-hardwood-finish,apps/web/app/guides/color-identification-existing-hardwood-finish/,apps/web/public/images/color-matching/cm-hub-guide-grid-identification.webp,hub card for colour identification guide,Macro of a worn stair nosing where a thin polyurethane film is lifting from the wood,Film finish versus wood — identification starts at a worn edge.,Macro worn stair nosing with lifting thin polyurethane film.
cm-hub-guide-grid-stairs.jpg,jpg,2400,1800,https://ecowoods.ca/guides/stair-railing-trim-color-matching-toronto,apps/web/app/guides/stair-railing-trim-color-matching-toronto/,apps/web/public/images/color-matching/cm-hub-guide-grid-stairs.jpg,hub card for stair railing trim guide,"Open stair with stained oak treads, darker walnut stringer and field floor beyond","Stairs, railings and trim are a separate discipline from matching two floor boards.","Open stair, stained oak treads, darker walnut stringer, field floor beyond."
cm-hub-guide-grid-stairs.webp,webp,2400,1800,https://ecowoods.ca/guides/stair-railing-trim-color-matching-toronto,apps/web/app/guides/stair-railing-trim-color-matching-toronto/,apps/web/public/images/color-matching/cm-hub-guide-grid-stairs.webp,hub card for stair railing trim guide,"Open stair with stained oak treads, darker walnut stringer and field floor beyond","Stairs, railings and trim are a separate discipline from matching two floor boards.","Open stair, stained oak treads, darker walnut stringer, field floor beyond."
cm-hub-proof-forest-hill-walnut.jpg,jpg,3840,2160,https://ecowoods.ca/hardwood-color-matching-toronto,apps/web/app/hardwood-color-matching-toronto/,apps/web/public/images/color-matching/cm-hub-proof-forest-hill-walnut.jpg,Proof Forest Hill walnut,Wide black walnut planks in a bright Forest Hill room with natural chocolate-to-silver variation under daylight,Natural walnut variation held even under daylight.,8-12 inch black-walnut wide plank in a bright Forest Hill room.
cm-hub-proof-forest-hill-walnut.webp,webp,3840,2160,https://ecowoods.ca/hardwood-color-matching-toronto,apps/web/app/hardwood-color-matching-toronto/,apps/web/public/images/color-matching/cm-hub-proof-forest-hill-walnut.webp,Proof Forest Hill walnut,Wide black walnut planks in a bright Forest Hill room with natural chocolate-to-silver variation under daylight,Natural walnut variation held even under daylight.,8-12 inch black-walnut wide plank in a bright Forest Hill room.
cm-hub-proof-midtown-three-levels.jpg,jpg,3840,2160,https://ecowoods.ca/hardwood-color-matching-toronto,apps/web/app/hardwood-color-matching-toronto/,apps/web/public/images/color-matching/cm-hub-proof-midtown-three-levels.jpg,Proof Midtown three-level,"Looking up a Toronto townhouse stairwell so basement, main floor and upper landing read as one tone",Three levels coordinated as one house.,Looking up a townhouse stairwell so three levels read as one tone.
cm-hub-proof-midtown-three-levels.webp,webp,3840,2160,https://ecowoods.ca/hardwood-color-matching-toronto,apps/web/app/hardwood-color-matching-toronto/,apps/web/public/images/color-matching/cm-hub-proof-midtown-three-levels.webp,Proof Midtown three-level,"Looking up a Toronto townhouse stairwell so basement, main floor and upper landing read as one tone",Three levels coordinated as one house.,Looking up a townhouse stairwell so three levels read as one tone.
guide-id-hero-rug-reveal.jpg,jpg,3840,2160,https://ecowoods.ca/guides/color-identification-existing-hardwood-finish,apps/web/app/guides/color-identification-existing-hardwood-finish/,apps/web/public/images/guides/guide-id-hero-rug-reveal.jpg,hero,Rug pulled back on an aged red oak floor showing a protected paler patch against the ambered exposed field,UV and traffic change the colour that is already there.,Rug pulled back on aged red-oak: protected pale patch vs ambered exposed field.
guide-id-hero-rug-reveal.webp,webp,3840,2160,https://ecowoods.ca/guides/color-identification-existing-hardwood-finish,apps/web/app/guides/color-identification-existing-hardwood-finish/,apps/web/public/images/guides/guide-id-hero-rug-reveal.webp,hero,Rug pulled back on an aged red oak floor showing a protected paler patch against the ambered exposed field,UV and traffic change the colour that is already there.,Rug pulled back on aged red-oak: protected pale patch vs ambered exposed field.
guide-id-film-vs-penetrating.jpg,jpg,2400,1800,https://ecowoods.ca/guides/color-identification-existing-hardwood-finish,apps/web/app/guides/color-identification-existing-hardwood-finish/,apps/web/public/images/guides/guide-id-film-vs-penetrating.jpg,film vs penetrating,"Split of the same species: flaking film finish at a threshold on the left, penetrating oil sitting in the wood on the right",Finish type has to be identified before a sample is mixed.,"LEFT flaking film finish; RIGHT penetrating hardwax-oil, no film."
guide-id-film-vs-penetrating.webp,webp,2400,1800,https://ecowoods.ca/guides/color-identification-existing-hardwood-finish,apps/web/app/guides/color-identification-existing-hardwood-finish/,apps/web/public/images/guides/guide-id-film-vs-penetrating.webp,film vs penetrating,"Split of the same species: flaking film finish at a threshold on the left, penetrating oil sitting in the wood on the right",Finish type has to be identified before a sample is mixed.,"LEFT flaking film finish; RIGHT penetrating hardwax-oil, no film."
guide-id-ambering-oil.jpg,jpg,2400,1800,https://ecowoods.ca/guides/color-identification-existing-hardwood-finish,apps/web/app/guides/color-identification-existing-hardwood-finish/,apps/web/public/images/guides/guide-id-ambering-oil.jpg,ambering,Same red oak run with a honey-ambered UV-exposed area beside a cooler protected area,An existing floor has aged under its finish for years; a new sample has not.,Same red-oak run: honey-ambered UV-exposed vs cooler protected.
guide-id-ambering-oil.webp,webp,2400,1800,https://ecowoods.ca/guides/color-identification-existing-hardwood-finish,apps/web/app/guides/color-identification-existing-hardwood-finish/,apps/web/public/images/guides/guide-id-ambering-oil.webp,ambering,Same red oak run with a honey-ambered UV-exposed area beside a cooler protected area,An existing floor has aged under its finish for years; a new sample has not.,Same red-oak run: honey-ambered UV-exposed vs cooler protected.
guide-id-three-lights.jpg,jpg,2400,1800,https://ecowoods.ca/guides/color-identification-existing-hardwood-finish,apps/web/app/guides/color-identification-existing-hardwood-finish/,apps/web/public/images/guides/guide-id-three-lights.jpg,three lights,"One stained board shown in three Toronto lights: south window, 3000K pots, and a windowless hall",Colour is signed off in the room's actual light.,"One stained board in three Toronto lights, no text labels."
guide-id-three-lights.webp,webp,2400,1800,https://ecowoods.ca/guides/color-identification-existing-hardwood-finish,apps/web/app/guides/color-identification-existing-hardwood-finish/,apps/web/public/images/guides/guide-id-three-lights.webp,three lights,"One stained board shown in three Toronto lights: south window, 3000K pots, and a windowless hall",Colour is signed off in the room's actual light.,"One stained board in three Toronto lights, no text labels."
guide-stain-hero-chip-vs-aged.jpg,jpg,3840,2160,https://ecowoods.ca/guides/stain-matching-existing-hardwood-floor-toronto,apps/web/app/guides/stain-matching-existing-hardwood-floor-toronto/,apps/web/public/images/guides/guide-stain-hero-chip-vs-aged.jpg,hero,A factory stain chip sitting on a 15-year-old floor that does not match the chip,A stain sample and an aged floor are two different colours by the time the job happens.,Printed or factory stain chip on a 15-year-old floor — they do not match.
guide-stain-hero-chip-vs-aged.webp,webp,3840,2160,https://ecowoods.ca/guides/stain-matching-existing-hardwood-floor-toronto,apps/web/app/guides/stain-matching-existing-hardwood-floor-toronto/,apps/web/public/images/guides/guide-stain-hero-chip-vs-aged.webp,hero,A factory stain chip sitting on a 15-year-old floor that does not match the chip,A stain sample and an aged floor are two different colours by the time the job happens.,Printed or factory stain chip on a 15-year-old floor — they do not match.
guide-stain-same-formula-two-species.jpg,jpg,2400,1800,https://ecowoods.ca/guides/stain-matching-existing-hardwood-floor-toronto,apps/web/app/guides/stain-matching-existing-hardwood-floor-toronto/,apps/web/public/images/guides/guide-stain-same-formula-two-species.jpg,same formula two species,"The same stain on white oak versus red oak: white oak even and cooler, red oak open-grain and warmer",Species changes how a stain actually looks.,One stain on white oak vs red oak.
guide-stain-same-formula-two-species.webp,webp,2400,1800,https://ecowoods.ca/guides/stain-matching-existing-hardwood-floor-toronto,apps/web/app/guides/stain-matching-existing-hardwood-floor-toronto/,apps/web/public/images/guides/guide-stain-same-formula-two-species.webp,same formula two species,"The same stain on white oak versus red oak: white oak even and cooler, red oak open-grain and warmer",Species changes how a stain actually looks.,One stain on white oak vs red oak.
guide-stain-sheen-matte-vs-satin.jpg,jpg,2400,1800,https://ecowoods.ca/guides/stain-matching-existing-hardwood-floor-toronto,apps/web/app/guides/stain-matching-existing-hardwood-floor-toronto/,apps/web/public/images/guides/guide-stain-sheen-matte-vs-satin.jpg,sheen matte vs satin,"Same species boards in daylight, matte finish on the left reading flatter, satin on the right reading richer",A sheen change can read as a colour change.,"Same stain, matte vs satin, same daylight."
guide-stain-sheen-matte-vs-satin.webp,webp,2400,1800,https://ecowoods.ca/guides/stain-matching-existing-hardwood-floor-toronto,apps/web/app/guides/stain-matching-existing-hardwood-floor-toronto/,apps/web/public/images/guides/guide-stain-sheen-matte-vs-satin.webp,sheen matte vs satin,"Same species boards in daylight, matte finish on the left reading flatter, satin on the right reading richer",A sheen change can read as a colour change.,"Same stain, matte vs satin, same daylight."
guide-stain-sample-on-floor.jpg,jpg,2400,1800,https://ecowoods.ca/guides/stain-matching-existing-hardwood-floor-toronto,apps/web/app/guides/stain-matching-existing-hardwood-floor-toronto/,apps/web/public/images/guides/guide-stain-sample-on-floor.jpg,sample on floor,Scrap board stained and laid against the live floor in a Toronto condo living room,"The sample is built against the actual floor, in the actual room.",Scrap board stained and butted to the live floor in a Toronto condo.
guide-stain-sample-on-floor.webp,webp,2400,1800,https://ecowoods.ca/guides/stain-matching-existing-hardwood-floor-toronto,apps/web/app/guides/stain-matching-existing-hardwood-floor-toronto/,apps/web/public/images/guides/guide-stain-sample-on-floor.webp,sample on floor,Scrap board stained and laid against the live floor in a Toronto condo living room,"The sample is built against the actual floor, in the actual room.",Scrap board stained and butted to the live floor in a Toronto condo.
guide-newold-hero-invisible-weave.jpg,jpg,3840,2160,https://ecowoods.ca/guides/matching-new-hardwood-to-old-toronto,apps/web/app/guides/matching-new-hardwood-to-old-toronto/,apps/web/public/images/guides/guide-newold-hero-invisible-weave.jpg,hero,Mid-field repair woven into existing strip oak so the seam is hard to find,"Matching new boards into old starts with species, width and a sample on the real material.","Mid-field repair woven into existing strip oak, seam almost invisible."
guide-newold-hero-invisible-weave.webp,webp,3840,2160,https://ecowoods.ca/guides/matching-new-hardwood-to-old-toronto,apps/web/app/guides/matching-new-hardwood-to-old-toronto/,apps/web/public/images/guides/guide-newold-hero-invisible-weave.webp,hero,Mid-field repair woven into existing strip oak so the seam is hard to find,"Matching new boards into old starts with species, width and a sample on the real material.","Mid-field repair woven into existing strip oak, seam almost invisible."
guide-newold-bad-butt-joint.jpg,jpg,2400,1800,https://ecowoods.ca/guides/matching-new-hardwood-to-old-toronto,apps/web/app/guides/matching-new-hardwood-to-old-toronto/,apps/web/public/images/guides/guide-newold-bad-butt-joint.jpg,failure mode butt joint,"New boards finished separately and butted to an old finish, leaving an obvious seam",Finishing new boards off-site and butting them to old finish is a common failure.,New boards finished separately and butted to old finish — obvious seam.
guide-newold-bad-butt-joint.webp,webp,2400,1800,https://ecowoods.ca/guides/matching-new-hardwood-to-old-toronto,apps/web/app/guides/matching-new-hardwood-to-old-toronto/,apps/web/public/images/guides/guide-newold-bad-butt-joint.webp,failure mode butt joint,"New boards finished separately and butted to an old finish, leaving an obvious seam",Finishing new boards off-site and butting them to old finish is a common failure.,New boards finished separately and butted to old finish — obvious seam.
guide-newold-feather-zone.jpg,jpg,2400,1800,https://ecowoods.ca/guides/matching-new-hardwood-to-old-toronto,apps/web/app/guides/matching-new-hardwood-to-old-toronto/,apps/web/public/images/guides/guide-newold-feather-zone.jpg,feather zone,Overhead of a blending zone where new boards are feathered and finished in one pass with the old field,One sanding and finishing pass across old and new.,"Overhead blending zone, new boards feathered, one finishing pass."
guide-newold-feather-zone.webp,webp,2400,1800,https://ecowoods.ca/guides/matching-new-hardwood-to-old-toronto,apps/web/app/guides/matching-new-hardwood-to-old-toronto/,apps/web/public/images/guides/guide-newold-feather-zone.webp,feather zone,Overhead of a blending zone where new boards are feathered and finished in one pass with the old field,One sanding and finishing pass across old and new.,"Overhead blending zone, new boards feathered, one finishing pass."
guide-newold-threshold-strip.jpg,jpg,2400,1800,https://ecowoods.ca/guides/matching-new-hardwood-to-old-toronto,apps/web/app/guides/matching-new-hardwood-to-old-toronto/,apps/web/public/images/guides/guide-newold-threshold-strip.jpg,threshold strip,Honest room-to-room reducer between an aged red oak floor and a newer white oak floor,Not every room-to-room change should be forced into one colour.,Honest room-to-room reducer between two different floors.
guide-newold-threshold-strip.webp,webp,2400,1800,https://ecowoods.ca/guides/matching-new-hardwood-to-old-toronto,apps/web/app/guides/matching-new-hardwood-to-old-toronto/,apps/web/public/images/guides/guide-newold-threshold-strip.webp,threshold strip,Honest room-to-room reducer between an aged red oak floor and a newer white oak floor,Not every room-to-room change should be forced into one colour.,Honest room-to-room reducer between two different floors.
guide-stair-hero-one-flight.jpg,jpg,3840,2160,https://ecowoods.ca/guides/stair-railing-trim-color-matching-toronto,apps/web/app/guides/stair-railing-trim-color-matching-toronto/,apps/web/public/images/guides/guide-stair-hero-one-flight.jpg,hero,"Full stair flight colour-matched to the upper landing, treads risers and nosings clean",The flight is checked against the landing it meets.,Full flight colour-matched to the upper landing.
guide-stair-hero-one-flight.webp,webp,3840,2160,https://ecowoods.ca/guides/stair-railing-trim-color-matching-toronto,apps/web/app/guides/stair-railing-trim-color-matching-toronto/,apps/web/public/images/guides/guide-stair-hero-one-flight.webp,hero,"Full stair flight colour-matched to the upper landing, treads risers and nosings clean",The flight is checked against the landing it meets.,Full flight colour-matched to the upper landing.
guide-stair-sample-at-nosing.jpg,jpg,2400,1800,https://ecowoods.ca/guides/stair-railing-trim-color-matching-toronto,apps/web/app/guides/stair-railing-trim-color-matching-toronto/,apps/web/public/images/guides/guide-stair-sample-at-nosing.jpg,sample at nosing,Sample board checked at a stair nosing against the field floor on the landing,"The sample sits at the nosing, not only in a workshop.",Sample on a tread cut-off checked at the top nosing against the field floor.
guide-stair-sample-at-nosing.webp,webp,2400,1800,https://ecowoods.ca/guides/stair-railing-trim-color-matching-toronto,apps/web/app/guides/stair-railing-trim-color-matching-toronto/,apps/web/public/images/guides/guide-stair-sample-at-nosing.webp,sample at nosing,Sample board checked at a stair nosing against the field floor on the landing,"The sample sits at the nosing, not only in a workshop.",Sample on a tread cut-off checked at the top nosing against the field floor.
guide-stair-painted-vs-stained.jpg,jpg,2400,1800,https://ecowoods.ca/guides/stair-railing-trim-color-matching-toronto,apps/web/app/guides/stair-railing-trim-color-matching-toronto/,apps/web/public/images/guides/guide-stair-painted-vs-stained.jpg,painted vs stained,Painted white balusters with a stained oak handrail and stained oak treads,"Coordination, not wood-to-wood matching.","Painted white balusters, stained handrail, stained treads."
guide-stair-painted-vs-stained.webp,webp,2400,1800,https://ecowoods.ca/guides/stair-railing-trim-color-matching-toronto,apps/web/app/guides/stair-railing-trim-color-matching-toronto/,apps/web/public/images/guides/guide-stair-painted-vs-stained.webp,painted vs stained,Painted white balusters with a stained oak handrail and stained oak treads,"Coordination, not wood-to-wood matching.","Painted white balusters, stained handrail, stained treads."
guide-stair-wear-shift.jpg,jpg,2400,1800,https://ecowoods.ca/guides/stair-railing-trim-color-matching-toronto,apps/web/app/guides/stair-railing-trim-color-matching-toronto/,apps/web/public/images/guides/guide-stair-wear-shift.jpg,wear shift,High-wear tread centres slightly lighter than the protected floor field,Traffic changes colour independently of stain formula.,High-wear tread centres slightly lighter than the protected floor field.
guide-stair-wear-shift.webp,webp,2400,1800,https://ecowoods.ca/guides/stair-railing-trim-color-matching-toronto,apps/web/app/guides/stair-railing-trim-color-matching-toronto/,apps/web/public/images/guides/guide-stair-wear-shift.webp,wear shift,High-wear tread centres slightly lighter than the protected floor field,Traffic changes colour independently of stain formula.,High-wear tread centres slightly lighter than the protected floor field.
guide-door-hero-baseboard-meet.jpg,jpg,3840,2160,https://ecowoods.ca/guides/door-woodwork-finish-coordination-toronto,apps/web/app/guides/door-woodwork-finish-coordination-toronto/,apps/web/public/images/guides/guide-door-hero-baseboard-meet.jpg,hero,Stained oak floor meeting a painted warm-white baseboard and a stained oak door jamb,"Doors and trim are coordinated with the floor, not forced to the same wood.",Stained oak floor meeting painted warm-white baseboard and stained oak jamb.
guide-door-hero-baseboard-meet.webp,webp,3840,2160,https://ecowoods.ca/guides/door-woodwork-finish-coordination-toronto,apps/web/app/guides/door-woodwork-finish-coordination-toronto/,apps/web/public/images/guides/guide-door-hero-baseboard-meet.webp,hero,Stained oak floor meeting a painted warm-white baseboard and a stained oak door jamb,"Doors and trim are coordinated with the floor, not forced to the same wood.",Stained oak floor meeting painted warm-white baseboard and stained oak jamb.
guide-door-painted-undertone.jpg,jpg,2400,1800,https://ecowoods.ca/guides/door-woodwork-finish-coordination-toronto,apps/web/app/guides/door-woodwork-finish-coordination-toronto/,apps/web/public/images/guides/guide-door-painted-undertone.jpg,painted undertone,Two rooms with cool-grey paint versus warm-cream paint against hardwood floors,Wall paint undertone changes how the floor reads.,Cool-grey paint vs warm-cream paint against white-oak floor.
guide-door-painted-undertone.webp,webp,2400,1800,https://ecowoods.ca/guides/door-woodwork-finish-coordination-toronto,apps/web/app/guides/door-woodwork-finish-coordination-toronto/,apps/web/public/images/guides/guide-door-painted-undertone.webp,painted undertone,Two rooms with cool-grey paint versus warm-cream paint against hardwood floors,Wall paint undertone changes how the floor reads.,Cool-grey paint vs warm-cream paint against white-oak floor.
guide-door-threshold-contact.jpg,jpg,2400,1800,https://ecowoods.ca/guides/door-woodwork-finish-coordination-toronto,apps/web/app/guides/door-woodwork-finish-coordination-toronto/,apps/web/public/images/guides/guide-door-threshold-contact.jpg,threshold contact,"Door slab, frame and hardwood threshold composed as one line",The meeting line is the coordination problem.,"Door slab, frame, and hardwood threshold as one composed line."
guide-door-threshold-contact.webp,webp,2400,1800,https://ecowoods.ca/guides/door-woodwork-finish-coordination-toronto,apps/web/app/guides/door-woodwork-finish-coordination-toronto/,apps/web/public/images/guides/guide-door-threshold-contact.webp,threshold contact,"Door slab, frame and hardwood threshold composed as one line",The meeting line is the coordination problem.,"Door slab, frame, and hardwood threshold as one composed line."
guide-fail-hero-visible-patch.jpg,jpg,3840,2160,https://ecowoods.ca/guides/when-color-match-fails-full-sand-vs-replace,apps/web/app/guides/when-color-match-fails-full-sand-vs-replace/,apps/web/public/images/guides/guide-fail-hero-visible-patch.jpg,hero,"Honest failed spot match in an old Toronto hallway, a lighter patch in the aged field","When a spot match will not disappear, the next decision is full sand or replace.",Honest failed spot match in an old Toronto hallway.
guide-fail-hero-visible-patch.webp,webp,3840,2160,https://ecowoods.ca/guides/when-color-match-fails-full-sand-vs-replace,apps/web/app/guides/when-color-match-fails-full-sand-vs-replace/,apps/web/public/images/guides/guide-fail-hero-visible-patch.webp,hero,"Honest failed spot match in an old Toronto hallway, a lighter patch in the aged field","When a spot match will not disappear, the next decision is full sand or replace.",Honest failed spot match in an old Toronto hallway.
guide-fail-three-paths.jpg,jpg,3840,2160,https://ecowoods.ca/guides/when-color-match-fails-full-sand-vs-replace,apps/web/app/guides/when-color-match-fails-full-sand-vs-replace/,apps/web/public/images/guides/guide-fail-three-paths.jpg,three paths,"Same hallway shown three ways: visible spot repair, full sand and restain, and full replace with new wide plank",Three honest paths when a match cannot be made to work.,"Triptych of the same room: feathered repair, full sand, full replace."
guide-fail-three-paths.webp,webp,3840,2160,https://ecowoods.ca/guides/when-color-match-fails-full-sand-vs-replace,apps/web/app/guides/when-color-match-fails-full-sand-vs-replace/,apps/web/public/images/guides/guide-fail-three-paths.webp,three paths,"Same hallway shown three ways: visible spot repair, full sand and restain, and full replace with new wide plank",Three honest paths when a match cannot be made to work.,"Triptych of the same room: feathered repair, full sand, full replace."
guide-fail-wear-layer-measure.jpg,jpg,2400,1800,https://ecowoods.ca/guides/when-color-match-fails-full-sand-vs-replace,apps/web/app/guides/when-color-match-fails-full-sand-vs-replace/,apps/web/public/images/guides/guide-fail-wear-layer-measure.jpg,wear layer measure,Caliper measuring remaining wear layer at an exposed board edge in a doorway,"Remaining wear layer is the decision, not hope.",Caliper on an exposed tongue at a doorway. Remaining wear layer is the decision.
guide-fail-wear-layer-measure.webp,webp,2400,1800,https://ecowoods.ca/guides/when-color-match-fails-full-sand-vs-replace,apps/web/app/guides/when-color-match-fails-full-sand-vs-replace/,apps/web/public/images/guides/guide-fail-wear-layer-measure.webp,wear layer measure,Caliper measuring remaining wear layer at an exposed board edge in a doorway,"Remaining wear layer is the decision, not hope.",Caliper on an exposed tongue at a doorway. Remaining wear layer is the decision.
guide-signoff-hero-condo-light.jpg,jpg,3840,2160,https://ecowoods.ca/guides/sample-boards-on-site-trials-sign-off,apps/web/app/guides/sample-boards-on-site-trials-sign-off/,apps/web/public/images/guides/guide-signoff-hero-condo-light.jpg,hero,Sample board on a glass-walled Toronto condo floor in mixed daylight and LED pot lights,"Approval happens in the room, not in a workshop.",Sample board on a glass-walled Toronto condo floor. Daylight plus LED pots.
guide-signoff-hero-condo-light.webp,webp,3840,2160,https://ecowoods.ca/guides/sample-boards-on-site-trials-sign-off,apps/web/app/guides/sample-boards-on-site-trials-sign-off/,apps/web/public/images/guides/guide-signoff-hero-condo-light.webp,hero,Sample board on a glass-walled Toronto condo floor in mixed daylight and LED pot lights,"Approval happens in the room, not in a workshop.",Sample board on a glass-walled Toronto condo floor. Daylight plus LED pots.
guide-signoff-day-vs-night.jpg,jpg,3840,2160,https://ecowoods.ca/guides/sample-boards-on-site-trials-sign-off,apps/web/app/guides/sample-boards-on-site-trials-sign-off/,apps/web/public/images/guides/guide-signoff-day-vs-night.jpg,day vs night,The same sample board in the same room at 2pm daylight versus 8pm LED,Condo lighting changes how a stain reads.,"Same sample, same room, 2pm daylight vs 8pm LED."
guide-signoff-day-vs-night.webp,webp,3840,2160,https://ecowoods.ca/guides/sample-boards-on-site-trials-sign-off,apps/web/app/guides/sample-boards-on-site-trials-sign-off/,apps/web/public/images/guides/guide-signoff-day-vs-night.webp,day vs night,The same sample board in the same room at 2pm daylight versus 8pm LED,Condo lighting changes how a stain reads.,"Same sample, same room, 2pm daylight vs 8pm LED."
guide-signoff-written.jpg,jpg,2400,1800,https://ecowoods.ca/guides/sample-boards-on-site-trials-sign-off,apps/web/app/guides/sample-boards-on-site-trials-sign-off/,apps/web/public/images/guides/guide-signoff-written.jpg,written sign-off,"Sample taped in place while a craftsman and homeowner review it with a clipboard, no readable personal data",Sign-off is a written check in the room the work is done in.,Sample taped in place. Craftsman and homeowner reviewing it. Clipboard present.
guide-signoff-written.webp,webp,2400,1800,https://ecowoods.ca/guides/sample-boards-on-site-trials-sign-off,apps/web/app/guides/sample-boards-on-site-trials-sign-off/,apps/web/public/images/guides/guide-signoff-written.webp,written sign-off,"Sample taped in place while a craftsman and homeowner review it with a clipboard, no readable personal data",Sign-off is a written check in the room the work is done in.,Sample taped in place. Craftsman and homeowner reviewing it. Clipboard present.
species-white-oak-undertone.jpg,jpg,2000,2000,https://ecowoods.ca/guides/species-undertone-guide-color-matching-toronto,apps/web/app/guides/species-undertone-guide-color-matching-toronto/,apps/web/public/images/species/species-white-oak-undertone.jpg,white oak board portrait,Unstained lightly satin-finished white oak board with even pores and ray fleck,"White oak: even pores, calm, takes grey smoked or natural.","Unstained plus lightly satin-finished white oak. Even pores, ray fleck."
species-white-oak-undertone.webp,webp,2000,2000,https://ecowoods.ca/guides/species-undertone-guide-color-matching-toronto,apps/web/app/guides/species-undertone-guide-color-matching-toronto/,apps/web/public/images/species/species-white-oak-undertone.webp,white oak board portrait,Unstained lightly satin-finished white oak board with even pores and ray fleck,"White oak: even pores, calm, takes grey smoked or natural.","Unstained plus lightly satin-finished white oak. Even pores, ray fleck."
species-red-oak-undertone.jpg,jpg,2000,2000,https://ecowoods.ca/guides/species-undertone-guide-color-matching-toronto,apps/web/app/guides/species-undertone-guide-color-matching-toronto/,apps/web/public/images/species/species-red-oak-undertone.jpg,red oak board portrait,Red oak board with open grain and pinker heritage undertone,"Red oak: open grain, pinker heritage Toronto floor.","Red oak. Open grain, pinker redder heritage Toronto floor."
species-red-oak-undertone.webp,webp,2000,2000,https://ecowoods.ca/guides/species-undertone-guide-color-matching-toronto,apps/web/app/guides/species-undertone-guide-color-matching-toronto/,apps/web/public/images/species/species-red-oak-undertone.webp,red oak board portrait,Red oak board with open grain and pinker heritage undertone,"Red oak: open grain, pinker heritage Toronto floor.","Red oak. Open grain, pinker redder heritage Toronto floor."
species-hard-maple-undertone.jpg,jpg,2000,2000,https://ecowoods.ca/guides/species-undertone-guide-color-matching-toronto,apps/web/app/guides/species-undertone-guide-color-matching-toronto/,apps/web/public/images/species/species-hard-maple-undertone.jpg,hard maple board portrait,"Hard maple board, pale closed grain almost uniform","Hard maple: pale, closed grain; blotch risk if stained raw.","Hard maple. Pale, closed grain, almost uniform."
species-hard-maple-undertone.webp,webp,2000,2000,https://ecowoods.ca/guides/species-undertone-guide-color-matching-toronto,apps/web/app/guides/species-undertone-guide-color-matching-toronto/,apps/web/public/images/species/species-hard-maple-undertone.webp,hard maple board portrait,"Hard maple board, pale closed grain almost uniform","Hard maple: pale, closed grain; blotch risk if stained raw.","Hard maple. Pale, closed grain, almost uniform."
species-black-walnut-undertone.jpg,jpg,2000,2000,https://ecowoods.ca/guides/species-undertone-guide-color-matching-toronto,apps/web/app/guides/species-undertone-guide-color-matching-toronto/,apps/web/public/images/species/species-black-walnut-undertone.jpg,black walnut board portrait,Black walnut board with chocolate-to-silver heartwood variation,"Black walnut: chocolate-to-silver heartwood, luxury depth.","Black walnut. Chocolate-to-silver heartwood, luxury depth."
species-black-walnut-undertone.webp,webp,2000,2000,https://ecowoods.ca/guides/species-undertone-guide-color-matching-toronto,apps/web/app/guides/species-undertone-guide-color-matching-toronto/,apps/web/public/images/species/species-black-walnut-undertone.webp,black walnut board portrait,Black walnut board with chocolate-to-silver heartwood variation,"Black walnut: chocolate-to-silver heartwood, luxury depth.","Black walnut. Chocolate-to-silver heartwood, luxury depth."
species-hickory-undertone.jpg,jpg,2000,2000,https://ecowoods.ca/guides/species-undertone-guide-color-matching-toronto,apps/web/app/guides/species-undertone-guide-color-matching-toronto/,apps/web/public/images/species/species-hickory-undertone.jpg,hickory board portrait,Hickory board with wild sapwood and heartwood contrast on a single face,"Hickory: character contrast, not a defect.",Hickory. Wild sapwood heartwood contrast on a single board.
species-hickory-undertone.webp,webp,2000,2000,https://ecowoods.ca/guides/species-undertone-guide-color-matching-toronto,apps/web/app/guides/species-undertone-guide-color-matching-toronto/,apps/web/public/images/species/species-hickory-undertone.webp,hickory board portrait,Hickory board with wild sapwood and heartwood contrast on a single face,"Hickory: character contrast, not a defect.",Hickory. Wild sapwood heartwood contrast on a single board.
species-white-ash-undertone.jpg,jpg,2000,2000,https://ecowoods.ca/guides/species-undertone-guide-color-matching-toronto,apps/web/app/guides/species-undertone-guide-color-matching-toronto/,apps/web/public/images/species/species-white-ash-undertone.jpg,white ash board portrait,"White ash board, pale with straighter open grain","White ash: pale Scandinavian, straighter open grain.","White ash. Pale Scandinavian, straighter open grain."
species-white-ash-undertone.webp,webp,2000,2000,https://ecowoods.ca/guides/species-undertone-guide-color-matching-toronto,apps/web/app/guides/species-undertone-guide-color-matching-toronto/,apps/web/public/images/species/species-white-ash-undertone.webp,white ash board portrait,"White ash board, pale with straighter open grain","White ash: pale Scandinavian, straighter open grain.","White ash. Pale Scandinavian, straighter open grain."
species-same-stain-six-species.jpg,jpg,2400,1800,https://ecowoods.ca/guides/species-undertone-guide-color-matching-toronto,apps/web/app/guides/species-undertone-guide-color-matching-toronto/,apps/web/public/images/species/species-same-stain-six-species.jpg,one stain six species,"One stain recipe across six species boards in a studio lineup, no typography",The same formula does not produce the same colour on every species.,"One stain recipe across white oak, red oak, hard maple, black walnut, hickory, white ash."
species-same-stain-six-species.webp,webp,2400,1800,https://ecowoods.ca/guides/species-undertone-guide-color-matching-toronto,apps/web/app/guides/species-undertone-guide-color-matching-toronto/,apps/web/public/images/species/species-same-stain-six-species.webp,one stain six species,"One stain recipe across six species boards in a studio lineup, no typography",The same formula does not produce the same colour on every species.,"One stain recipe across white oak, red oak, hard maple, black walnut, hickory, white ash."
service-restoration-hero-feather.jpg,jpg,3840,2160,https://ecowoods.ca/services/floor-restoration,apps/web/app/services/floor-restoration/,apps/web/public/images/services/service-restoration-hero-feather.jpg,hero,"Heritage strip floor after woven replacement boards, repair hard to find","Restoration is board replacement, feathering and colour matching.",Water-damaged strip floor with woven replacement boards. Repair hard to find.
service-restoration-hero-feather.webp,webp,3840,2160,https://ecowoods.ca/services/floor-restoration,apps/web/app/services/floor-restoration/,apps/web/public/images/services/service-restoration-hero-feather.webp,hero,"Heritage strip floor after woven replacement boards, repair hard to find","Restoration is board replacement, feathering and colour matching.",Water-damaged strip floor with woven replacement boards. Repair hard to find.
service-restoration-before-after.jpg,jpg,3840,2160,https://ecowoods.ca/services/floor-restoration,apps/web/app/services/floor-restoration/,apps/web/public/images/services/service-restoration-before-after.jpg,The method before after,"Same room same angle: damaged field on the left, repaired refinished floor on the right","The method: repair the field, then finish across old and new.","Diptych: damaged field to invisible repair, same camera angle."
service-restoration-before-after.webp,webp,3840,2160,https://ecowoods.ca/services/floor-restoration,apps/web/app/services/floor-restoration/,apps/web/public/images/services/service-restoration-before-after.webp,The method before after,"Same room same angle: damaged field on the left, repaired refinished floor on the right","The method: repair the field, then finish across old and new.","Diptych: damaged field to invisible repair, same camera angle."
service-stairs-matched-flight.jpg,jpg,3840,2160,https://ecowoods.ca/services/stair-refinishing,apps/web/app/services/stair-refinishing/,apps/web/public/images/services/service-stairs-matched-flight.jpg,hero matched flight,Refinished stair colour-matched to the main floor it meets,Stairs are quoted per tread and colour-matched on site.,Refinished stair colour-matched to the main floor.
service-stairs-matched-flight.webp,webp,3840,2160,https://ecowoods.ca/services/stair-refinishing,apps/web/app/services/stair-refinishing/,apps/web/public/images/services/service-stairs-matched-flight.webp,hero matched flight,Refinished stair colour-matched to the main floor it meets,Stairs are quoted per tread and colour-matched on site.,Refinished stair colour-matched to the main floor.
service-refinish-bare-to-stained.jpg,jpg,3840,2160,https://ecowoods.ca/services/floor-refinishing,apps/web/app/services/floor-refinishing/,apps/web/public/images/services/service-refinish-bare-to-stained.jpg,bare to stained,"Same room: sanded-to-bare maple on the left, stained satin waterborne on the right","Sand to bare wood, then stain and finish.","Same room: sanded-to-bare maple, then stained satin waterborne."
service-refinish-bare-to-stained.webp,webp,3840,2160,https://ecowoods.ca/services/floor-refinishing,apps/web/app/services/floor-refinishing/,apps/web/public/images/services/service-refinish-bare-to-stained.webp,bare to stained,"Same room: sanded-to-bare maple on the left, stained satin waterborne on the right","Sand to bare wood, then stain and finish.","Same room: sanded-to-bare maple, then stained satin waterborne."
case-forest-hill-walnut-uv.jpg,jpg,3840,2160,https://ecowoods.ca/case-studies/forest-hill-walnut-wide-plank-color-stability,apps/web/app/case-studies/forest-hill-walnut-wide-plank-color-stability/,apps/web/public/images/case-studies/case-forest-hill-walnut-uv.jpg,hero,"Walnut wide plank in a Forest Hill room with south glass, even tone after UV-aware finishing",Wide walnut held even under south light.,"Walnut wide plank, south glass, even tone after UV-aware finishing."
case-forest-hill-walnut-uv.webp,webp,3840,2160,https://ecowoods.ca/case-studies/forest-hill-walnut-wide-plank-color-stability,apps/web/app/case-studies/forest-hill-walnut-wide-plank-color-stability/,apps/web/public/images/case-studies/case-forest-hill-walnut-uv.webp,hero,"Walnut wide plank in a Forest Hill room with south glass, even tone after UV-aware finishing",Wide walnut held even under south light.,"Walnut wide plank, south glass, even tone after UV-aware finishing."
case-midtown-species-transition.jpg,jpg,3840,2160,https://ecowoods.ca/case-studies/midtown-townhouse-three-level-transition,apps/web/app/case-studies/midtown-townhouse-three-level-transition/,apps/web/public/images/case-studies/case-midtown-species-transition.jpg,hero,"Maple field, warmer oak level beyond, white oak stair and walnut stringer reading as one house","Three-level transition across species, coordinated not identical.","Maple field, red oak level, white-oak stair, walnut stringer reading as one house."
case-midtown-species-transition.webp,webp,3840,2160,https://ecowoods.ca/case-studies/midtown-townhouse-three-level-transition,apps/web/app/case-studies/midtown-townhouse-three-level-transition/,apps/web/public/images/case-studies/case-midtown-species-transition.webp,hero,"Maple field, warmer oak level beyond, white oak stair and walnut stringer reading as one house","Three-level transition across species, coordinated not identical.","Maple field, red oak level, white-oak stair, walnut stringer reading as one house."
